Date,Sentiment_Index
06/02/2018,100
07/02/2018,99.5
08/02/2018,95.76
09/02/2018,97.16
12/02/2018,98.42
13/02/2018,98.73
14/02/2018,100.01
15/02/2018,101.26
16/02/2018,101.37
20/02/2018,100.73
21/02/2018,100.15
22/02/2018,100.23
23/02/2018,101.86
26/02/2018,103.08
27/02/2018,101.78
28/02/2018,100.65
01/03/2018,99.35
02/03/2018,99.95
05/03/2018,100.99
06/03/2018,101.15
07/03/2018,101.21
08/03/2018,101.68
09/03/2018,103.34
12/03/2018,103.03
13/03/2018,102.6
14/03/2018,102.02
15/03/2018,101.84
16/03/2018,102.16
19/03/2018,100.76
20/03/2018,101
21/03/2018,100.95
22/03/2018,98.44
23/03/2018,96.47
26/03/2018,99.15
27/03/2018,97.51
28/03/2018,97.24
29/03/2018,98.54
02/04/2018,96.27
03/04/2018,97.54
04/04/2018,98.71
05/04/2018,99.1
06/04/2018,96.95
09/04/2018,97.29
10/04/2018,98.99
11/04/2018,98.47
12/04/2018,99.24
13/04/2018,99.1
16/04/2018,100
17/04/2018,100.83
18/04/2018,100.98
19/04/2018,100.07
20/04/2018,99.43
23/04/2018,99.58
24/04/2018,98.39
25/04/2018,98.52
26/04/2018,99.53
27/04/2018,99.67
30/04/2018,98.58
01/05/2018,98.55
02/05/2018,97.63
03/05/2018,97.42
04/05/2018,98.31
07/05/2018,98.74
08/05/2018,98.8
09/05/2018,99.91
10/05/2018,100.76
11/05/2018,101.07
14/05/2018,101.27
15/05/2018,100.53
16/05/2018,100.91
17/05/2018,100.84
18/05/2018,100.5
21/05/2018,101.27
22/05/2018,100.91
23/05/2018,101.32
24/05/2018,101.06
25/05/2018,100.7
29/05/2018,99.6
30/05/2018,100.99
31/05/2018,100.3
01/06/2018,101.5
04/06/2018,101.95
05/06/2018,102
06/06/2018,102.87
07/06/2018,102.58
08/06/2018,102.84
11/06/2018,102.94
12/06/2018,103.17
13/06/2018,102.76
14/06/2018,103.11
15/06/2018,102.92
18/06/2018,102.73
19/06/2018,102.34
20/06/2018,102.6
21/06/2018,101.92
22/06/2018,101.95
25/06/2018,100.36
26/06/2018,100.62
27/06/2018,99.66
28/06/2018,100.34
29/06/2018,100.4
02/07/2018,100.85
03/07/2018,100.23
05/07/2018,101.15
06/07/2018,102.14
09/07/2018,103.08
10/07/2018,103.46
11/07/2018,102.76
12/07/2018,103.82
13/07/2018,103.91
16/07/2018,103.89
17/07/2018,104.35
18/07/2018,104.41
19/07/2018,103.9
20/07/2018,103.93
23/07/2018,104.2
24/07/2018,104.86
25/07/2018,105.89
26/07/2018,105.26
27/07/2018,104.45
30/07/2018,103.77
31/07/2018,104.12
01/08/2018,104.24
02/08/2018,104.86
03/08/2018,105.32
06/08/2018,105.7
07/08/2018,106.05
08/08/2018,106.03
09/08/2018,105.93
10/08/2018,105.28
13/08/2018,104.92
14/08/2018,105.59
15/08/2018,104.64
16/08/2018,105.53
17/08/2018,105.86
20/08/2018,106.06
21/08/2018,106.24
22/08/2018,106.34
23/08/2018,106.26
24/08/2018,106.89
27/08/2018,107.7
28/08/2018,107.7
29/08/2018,108.46
30/08/2018,108.09
31/08/2018,108.09
04/09/2018,107.97
05/09/2018,107.57
06/09/2018,107.09
07/09/2018,106.86
10/09/2018,107.03
11/09/2018,107.6
12/09/2018,107.61
13/09/2018,108.35
14/09/2018,108.27
17/09/2018,107.43
18/09/2018,108.11
19/09/2018,108.01
20/09/2018,108.9
21/09/2018,108.82
24/09/2018,108.83
25/09/2018,108.89
26/09/2018,108.64
27/09/2018,109.13
28/09/2018,109.22
01/10/2018,109.72
02/10/2018,109.72
03/10/2018,109.76
04/10/2018,108.55
05/10/2018,107.89
08/10/2018,107.6
09/10/2018,107.67
10/10/2018,103.8
11/10/2018,101.72
12/10/2018,103.59
15/10/2018,102.7
16/10/2018,105.11
17/10/2018,104.98
18/10/2018,103.35
19/10/2018,103.15
22/10/2018,102.89
23/10/2018,102.19
24/10/2018,98.6
25/10/2018,100.71
26/10/2018,98.78
29/10/2018,97.52
30/10/2018,98.85
31/10/2018,100.19
01/11/2018,101.35
02/11/2018,100.46
05/11/2018,100.76
06/11/2018,101.42
07/11/2018,103.58
08/11/2018,103.39
09/11/2018,102.86
12/11/2018,101.32
13/11/2018,100.93
14/11/2018,100.25
15/11/2018,101.1
16/11/2018,101.67
19/11/2018,100.37
20/11/2018,98.46
21/11/2018,98.56
23/11/2018,98.18
26/11/2018,99.36
27/11/2018,99.97
28/11/2018,102.05
29/11/2018,101.87
30/11/2018,102.86
03/12/2018,103.63
04/12/2018,100.89
06/12/2018,100.72
07/12/2018,98.57
10/12/2018,98.79
11/12/2018,98.86
12/12/2018,99.35
13/12/2018,99.31
14/12/2018,97.19
17/12/2018,95.16
18/12/2018,94.92
19/12/2018,93.72
20/12/2018,92.17
21/12/2018,90.37
24/12/2018,87.93
26/12/2018,92.07
27/12/2018,92.92
28/12/2018,92.76
31/12/2018,93.54
02/01/2019,93.58
03/01/2019,91.57
04/01/2019,94.68
07/01/2019,95.15
08/01/2019,96.01
09/01/2019,96.35
10/01/2019,96.71
11/01/2019,96.64
14/01/2019,95.95
15/01/2019,96.99
16/01/2019,96.88
17/01/2019,97.64
18/01/2019,99
22/01/2019,97.74
23/01/2019,98.08
24/01/2019,98.03
25/01/2019,98.56
28/01/2019,97.72
29/01/2019,97.64
30/01/2019,99.02
31/01/2019,99.77
01/02/2019,99.94
04/02/2019,100.49
05/02/2019,100.84
06/02/2019,100.6
07/02/2019,99.72
08/02/2019,99.81
11/02/2019,99.84
12/02/2019,101.25
13/02/2019,101.59
14/02/2019,101.37
15/02/2019,102.35
19/02/2019,102.56
20/02/2019,102.47
21/02/2019,102.09
22/02/2019,102.94
25/02/2019,102.86
26/02/2019,102.83
27/02/2019,102.64
28/02/2019,102.31
01/03/2019,103.22
04/03/2019,102.78
05/03/2019,102.74
06/03/2019,102.05
07/03/2019,101.24
08/03/2019,100.95
11/03/2019,102.45
12/03/2019,102.84
13/03/2019,103.51
14/03/2019,103.36
15/03/2019,103.81
18/03/2019,104.02
19/03/2019,104.09
20/03/2019,104.15
21/03/2019,105.39
22/03/2019,103.59
25/03/2019,103.5
26/03/2019,104.21
27/03/2019,103.7
28/03/2019,103.9
29/03/2019,104.64
01/04/2019,105.68
02/04/2019,105.66
03/04/2019,105.83
04/04/2019,106.02
05/04/2019,106.57
08/04/2019,106.68
09/04/2019,106.04
10/04/2019,106.41
11/04/2019,106.32
12/04/2019,106.85
15/04/2019,106.83
16/04/2019,106.73
17/04/2019,106.31
18/04/2019,106.51
22/04/2019,106.81
23/04/2019,107.9
24/04/2019,107.68
25/04/2019,107.68
26/04/2019,108.01
29/04/2019,107.92
30/04/2019,108.05
01/05/2019,106.86
02/05/2019,106.62
03/05/2019,107.74
06/05/2019,107.38
07/05/2019,105.64
08/05/2019,105.53
09/05/2019,105.29
10/05/2019,105.73
13/05/2019,103.36
14/05/2019,104.06
15/05/2019,104.81
16/05/2019,105.81
17/05/2019,105.21
20/05/2019,104.69
21/05/2019,105.44
22/05/2019,105.36
23/05/2019,104.08
24/05/2019,104.2
28/05/2019,103.4
29/05/2019,102.57
30/05/2019,102.73
31/05/2019,101.33
03/06/2019,100.62
04/06/2019,102.72
05/06/2019,103.44
06/06/2019,104.05
07/06/2019,105.32
10/06/2019,105.86
11/06/2019,105.91
12/06/2019,105.61
13/06/2019,106.06
14/06/2019,105.89
17/06/2019,106.16
18/06/2019,107.21
19/06/2019,107.54
20/06/2019,108.58
21/06/2019,108.54
24/06/2019,108.38
25/06/2019,107.2
26/06/2019,107.2
27/06/2019,107.54
28/06/2019,108.02
01/07/2019,108.86
02/07/2019,109.24
03/07/2019,110.03
05/07/2019,109.83
08/07/2019,109.31
09/07/2019,109.54
10/07/2019,110.23
11/07/2019,110.43
12/07/2019,110.9
15/07/2019,111
16/07/2019,110.51
17/07/2019,109.94
18/07/2019,110.2
19/07/2019,109.52
22/07/2019,109.97
23/07/2019,110.67
24/07/2019,111.27
25/07/2019,110.63
26/07/2019,111.57
29/07/2019,111.37
30/07/2019,111
31/07/2019,109.69
01/08/2019,108.78
02/08/2019,107.97
05/08/2019,104.69
06/08/2019,106.01
07/08/2019,106.1
08/08/2019,108.19
09/08/2019,107.49
12/08/2019,106.18
13/08/2019,107.92
14/08/2019,104.7
15/08/2019,104.95
16/08/2019,106.48
19/08/2019,107.82
20/08/2019,107.02
21/08/2019,107.92
22/08/2019,107.76
23/08/2019,104.86
26/08/2019,106.13
27/08/2019,105.85
28/08/2019,106.49
29/08/2019,107.84
30/08/2019,107.86
03/09/2019,107.05
04/09/2019,108.22
05/09/2019,109.75
06/09/2019,109.76
09/09/2019,109.59
10/09/2019,109.54
11/09/2019,110.33
12/09/2019,110.69
13/09/2019,110.45
16/09/2019,110
17/09/2019,110.34
18/09/2019,110.4
19/09/2019,110.5
20/09/2019,109.92
23/09/2019,109.9
24/09/2019,108.96
25/09/2019,109.62
26/09/2019,109.31
27/09/2019,108.63
30/09/2019,109.27
01/10/2019,108.18
02/10/2019,106.28
03/10/2019,107.14
04/10/2019,108.74
07/10/2019,108.28
08/10/2019,106.68
09/10/2019,107.64
10/10/2019,108.29
11/10/2019,109.39
14/10/2019,109.3
15/10/2019,110.49
16/10/2019,110.25
17/10/2019,110.53
18/10/2019,109.89
21/10/2019,110.66
22/10/2019,110.22
23/10/2019,110.53
24/10/2019,110.82
25/10/2019,111.35
28/10/2019,112.17
29/10/2019,111.84
30/10/2019,112.3
31/10/2019,112.08
01/11/2019,113.05
04/11/2019,113.44
05/11/2019,113.32
06/11/2019,113.41
07/11/2019,113.73
08/11/2019,114.19
11/11/2019,113.94
12/11/2019,114.15
13/11/2019,114.29
14/11/2019,114.33
15/11/2019,115.28
18/11/2019,115.45
19/11/2019,115.32
20/11/2019,114.88
21/11/2019,114.74
22/11/2019,114.95
25/11/2019,115.85
26/11/2019,116.13
27/11/2019,116.64
29/11/2019,116.2
02/12/2019,115.2
03/12/2019,114.49
04/12/2019,115.2
05/12/2019,115.38
06/12/2019,116.46
09/12/2019,116.06
10/12/2019,115.95
11/12/2019,116.32
12/12/2019,117.26
13/12/2019,117.38
16/12/2019,118.29
17/12/2019,118.36
18/12/2019,118.28
19/12/2019,118.85
20/12/2019,119.44
23/12/2019,119.58
24/12/2019,119.56
26/12/2019,120.34
27/12/2019,120.34
30/12/2019,119.58
31/12/2019,119.9
02/01/2020,121.16
03/01/2020,120.23
06/01/2020,120.78
07/01/2020,120.46
08/01/2020,121.19
09/01/2020,122.05
10/01/2020,121.75
13/01/2020,122.59
14/01/2020,122.31
15/01/2020,122.54
16/01/2020,123.56
17/01/2020,124.1
21/01/2020,123.89
22/01/2020,123.99
23/01/2020,124.02
24/01/2020,122.84
27/01/2020,120.89
28/01/2020,122.17
29/01/2020,122.02
30/01/2020,122.42
31/01/2020,120.29
03/02/2020,121.22
04/02/2020,123.19
05/02/2020,124.45
06/02/2020,125.07
07/02/2020,124.52
10/02/2020,125.61
11/02/2020,125.59
12/02/2020,126.36
13/02/2020,126.16
14/02/2020,126.51
18/02/2020,126.26
19/02/2020,126.9
20/02/2020,126.2
21/02/2020,124.7
24/02/2020,120.5
25/02/2020,117.12
26/02/2020,117.01
27/02/2020,111.71
28/02/2020,111.13
02/03/2020,116.53
03/03/2020,113.28
04/03/2020,118.33
05/03/2020,114.71
06/03/2020,112.95
09/03/2020,104.94
10/03/2020,110.18
11/03/2020,105.21
12/03/2020,95.57
13/03/2020,104.67
16/03/2020,92.48
17/03/2020,98.26
18/03/2020,94.07
19/03/2020,94.35
20/03/2020,90.2
23/03/2020,88
24/03/2020,95.57
25/03/2020,95.87
26/03/2020,101.83
27/03/2020,98.37
30/03/2020,102.14
31/03/2020,100.68
01/04/2020,96.63
02/04/2020,99.06
03/04/2020,97.63
06/04/2020,104.19
07/04/2020,103.65
08/04/2020,106.67
09/04/2020,107.5
13/04/2020,107.28
14/04/2020,111.23
15/04/2020,109.43
16/04/2020,110.74
17/04/2020,112.69
20/04/2020,111.06
21/04/2020,107.64
22/04/2020,110.21
23/04/2020,110.08
24/04/2020,111.7
27/04/2020,112.72
28/04/2020,111.32
29/04/2020,114.21
30/04/2020,113.9
01/05/2020,111.05
04/05/2020,111.74
05/05/2020,112.97
06/05/2020,112.57
07/05/2020,113.64
08/05/2020,115.21
11/05/2020,115.8
12/05/2020,113.56
13/05/2020,111.98
14/05/2020,113.12
15/05/2020,113.75
18/05/2020,116.41
19/05/2020,115.48
20/05/2020,117.3
21/05/2020,116.3
22/05/2020,116.69
26/05/2020,117.24
27/05/2020,118.39
28/05/2020,118.35
29/05/2020,119.28
01/06/2020,119.48
02/06/2020,120.28
03/06/2020,121.23
04/06/2020,120.47
05/06/2020,123.26
08/06/2020,124.46
09/06/2020,124.22
10/06/2020,124.48
11/06/2020,117.72
12/06/2020,118.88
15/06/2020,119.77
16/06/2020,122.08
17/06/2020,122
18/06/2020,122.14
19/06/2020,121.71
22/06/2020,122.81
23/06/2020,123.51
24/06/2020,120.6
25/06/2020,121.84
26/06/2020,118.91
29/06/2020,120.57
30/06/2020,122.5
01/07/2020,123.43
02/07/2020,123.95
06/07/2020,126.16
07/07/2020,124.99
08/07/2020,126.21
09/07/2020,125.99
10/07/2020,126.93
13/07/2020,125.33
14/07/2020,126.92
15/07/2020,127.61
16/07/2020,127
17/07/2020,127.29
20/07/2020,129.16
21/07/2020,128.81
22/07/2020,129.54
23/07/2020,127.32
24/07/2020,126.49
27/07/2020,127.67
28/07/2020,126.73
29/07/2020,128.09
30/07/2020,127.99
31/07/2020,129.37
03/08/2020,130.57
04/08/2020,131.05
05/08/2020,131.84
06/08/2020,133.02
07/08/2020,132.73
10/08/2020,132.88
11/08/2020,131.5
12/08/2020,133.71
13/08/2020,133.54
14/08/2020,133.43
17/08/2020,133.95
18/08/2020,134.52
19/08/2020,133.94
20/08/2020,134.74
21/08/2020,135.41
24/08/2020,136.54
25/08/2020,137.16
26/08/2020,138.77
27/08/2020,138.74
28/08/2020,139.65
31/08/2020,139.63
01/09/2020,140.76
02/09/2020,142.77
03/09/2020,137.27
04/09/2020,135.93
08/09/2020,131.81
09/09/2020,134.74
10/09/2020,132.23
11/09/2020,132.09
14/09/2020,133.76
15/09/2020,134.66
16/09/2020,133.45
17/09/2020,132.21
18/09/2020,130.69
21/09/2020,129.7
22/09/2020,131.38
23/09/2020,128.08
24/09/2020,128.52
25/09/2020,130.72
28/09/2020,132.82
29/09/2020,132.27
30/09/2020,133.41
01/10/2020,134.31
02/10/2020,132.39
05/10/2020,134.85
06/10/2020,132.66
07/10/2020,135.03
08/10/2020,135.87
09/10/2020,137.33
12/10/2020,139.93
13/10/2020,139.27
14/10/2020,138.18
15/10/2020,137.7
16/10/2020,137.72
19/10/2020,135.37
20/10/2020,135.92
21/10/2020,135.68
22/10/2020,136.17
23/10/2020,136.53
26/10/2020,134.12
27/10/2020,134.07
28/10/2020,129.09
29/10/2020,130.73
30/10/2020,128.73
02/11/2020,129.88
03/11/2020,132.09
04/11/2020,136.06
05/11/2020,138.68
06/11/2020,138.76
09/11/2020,138.61
10/11/2020,138.07
11/11/2020,139.64
12/11/2020,138.5
13/11/2020,140.11
16/11/2020,141.33
17/11/2020,140.51
18/11/2020,138.83
19/11/2020,139.3
20/11/2020,138.42
23/11/2020,138.81
24/11/2020,140.74
25/11/2020,140.79
27/11/2020,141.37
30/11/2020,141.12
01/12/2020,142.86
02/12/2020,143.24
03/12/2020,142.94
04/12/2020,143.9
07/12/2020,143.77
08/12/2020,144.18
09/12/2020,142.8
10/12/2020,142.69
11/12/2020,142.59
14/12/2020,142.1
15/12/2020,143.85
16/12/2020,144.26
17/12/2020,144.88
18/12/2020,144.26
21/12/2020,144.07
22/12/2020,143.81
23/12/2020,143.84
24/12/2020,144.28
28/12/2020,145.8
29/12/2020,145.58
30/12/2020,145.47
31/12/2020,146.23
04/01/2021,144.11
05/01/2021,145.14
06/01/2021,145.19
07/01/2021,147.44
08/01/2021,148.39
11/01/2021,147.24
12/01/2021,147.08
13/01/2021,147.65
14/01/2021,146.97
15/01/2021,145.82
19/01/2021,147.23
20/01/2021,149.67
21/01/2021,150.1
22/01/2021,149.74
25/01/2021,150.49
26/01/2021,150.49
27/01/2021,146.67
28/01/2021,147.94
29/01/2021,144.94
01/02/2021,147.37
02/02/2021,149.37
03/02/2021,149.62
04/02/2021,151.28
05/02/2021,151.84
08/02/2021,152.9
09/02/2021,152.65
10/02/2021,152.49
11/02/2021,152.77
12/02/2021,153.47
16/02/2021,153.24
17/02/2021,153.12
18/02/2021,152.38
19/02/2021,151.67
22/02/2021,149.98
23/02/2021,150.07
24/02/2021,151.64
25/02/2021,147.65
26/02/2021,147.29
01/03/2021,150.81
02/03/2021,149.35
03/03/2021,146.93
04/03/2021,144.99
05/03/2021,147.92
08/03/2021,146.55
09/03/2021,148.76
10/03/2021,149.46
11/03/2021,151.21
12/03/2021,151.05
15/03/2021,151.87
16/03/2021,152.12
17/03/2021,152.35
18/03/2021,149.71
19/03/2021,149.82
22/03/2021,151.17
23/03/2021,150.26
24/03/2021,149.27
25/03/2021,149.69
26/03/2021,152.13
29/03/2021,152.26
30/03/2021,151.4
31/03/2021,152.16
01/04/2021,154.17
05/04/2021,156.56
06/04/2021,156.36
07/04/2021,156.94
08/04/2021,157.74
09/04/2021,159.07
12/04/2021,158.76
13/04/2021,159.5
14/04/2021,158.51
15/04/2021,160.59
16/04/2021,161
19/04/2021,160.19
20/04/2021,159.31
21/04/2021,160.41
22/04/2021,158.84
23/04/2021,160.47
26/04/2021,160.79
27/04/2021,160.67
28/04/2021,160.46
29/04/2021,161.37
30/04/2021,160.15
03/05/2021,160.48
04/05/2021,158.93
05/05/2021,158.91
06/05/2021,160.29
07/05/2021,161.43
10/05/2021,159.81
11/05/2021,158.58
12/05/2021,155.19
13/05/2021,156.91
14/05/2021,159.07
17/05/2021,158.81
18/05/2021,157.62
19/05/2021,157.27
20/05/2021,158.9
21/05/2021,158.69
24/05/2021,160.29
25/05/2021,160.03
26/05/2021,160.24
27/05/2021,160.07
28/05/2021,160.42
01/06/2021,160.08
02/06/2021,160.4
03/06/2021,159.96
04/06/2021,161.46
07/06/2021,161.65
08/06/2021,161.65
09/06/2021,161.56
10/06/2021,162.7
11/06/2021,162.93
14/06/2021,163.58
15/06/2021,163.16
16/06/2021,162.33
17/06/2021,162.86
18/06/2021,160.97
21/06/2021,162.95
22/06/2021,164.06
23/06/2021,163.82
24/06/2021,164.67
25/06/2021,164.83
28/06/2021,165.51
29/06/2021,165.66
30/06/2021,165.83
01/07/2021,166.57
02/07/2021,168.17
06/07/2021,168.22
07/07/2021,168.79
08/07/2021,167.57
09/07/2021,169.2
12/07/2021,169.8
13/07/2021,169.5
14/07/2021,169.84
15/07/2021,169.05
16/07/2021,167.7
19/07/2021,165.29
20/07/2021,167.55
21/07/2021,168.9
22/07/2021,169.43
23/07/2021,171.24
26/07/2021,171.72
27/07/2021,170.57
28/07/2021,170.61
29/07/2021,171.03
30/07/2021,169.86
02/08/2021,169.57
03/08/2021,170.82
04/08/2021,170.14
05/08/2021,171.22
06/08/2021,171.34
09/08/2021,171.23
10/08/2021,171.2
11/08/2021,171.36
12/08/2021,171.73
13/08/2021,172.19
16/08/2021,172.75
17/08/2021,171.73
18/08/2021,169.96
19/08/2021,170.49
20/08/2021,171.97
23/08/2021,173.43
24/08/2021,173.48
25/08/2021,173.75
26/08/2021,172.79
27/08/2021,174.09
30/08/2021,174.8
31/08/2021,174.61
01/09/2021,174.66
02/09/2021,174.99
03/09/2021,175.07
07/09/2021,174.19
08/09/2021,173.87
09/09/2021,172.94
10/09/2021,171.62
13/09/2021,171.81
14/09/2021,170.96
15/09/2021,172.39
16/09/2021,172.17
17/09/2021,170.44
20/09/2021,167.6
21/09/2021,167.52
22/09/2021,168.94
23/09/2021,170.85
24/09/2021,171.03
27/09/2021,170.16
28/09/2021,166.32
29/09/2021,166.59
30/09/2021,164.84
01/10/2021,166.69
04/10/2021,163.96
05/10/2021,165.8
06/10/2021,166.61
07/10/2021,168.23
08/10/2021,167.89
11/10/2021,166.59
12/10/2021,166.07
13/10/2021,166.71
14/10/2021,169.44
15/10/2021,170.73
18/10/2021,170.95
19/10/2021,172.25
20/10/2021,172.74
21/10/2021,172.98
22/10/2021,172.55
25/10/2021,173.2
26/10/2021,173.81
27/10/2021,172.6
28/10/2021,173.71
29/10/2021,173.91
01/11/2021,173.73
02/11/2021,174.43
03/11/2021,175.65
04/11/2021,177.01
05/11/2021,177.51
08/11/2021,178.09
09/11/2021,177.86
10/11/2021,176
11/11/2021,176.15
12/11/2021,177.66
15/11/2021,177.64
16/11/2021,178.32
17/11/2021,177.43
18/11/2021,178.1
19/11/2021,177.64
22/11/2021,176.51
23/11/2021,176.83
24/11/2021,177.34
26/11/2021,173.78
29/11/2021,176.02
30/11/2021,172.12
01/12/2021,170.07
02/12/2021,172.25
03/12/2021,170.86
06/12/2021,172.63
07/12/2021,175.98
08/12/2021,176.32
09/12/2021,175.43
10/12/2021,176.91
13/12/2021,176.1
14/12/2021,174.79
15/12/2021,177.84
16/12/2021,176.74
17/12/2021,174.94
20/12/2021,173.17
21/12/2021,175.69
22/12/2021,177.08
23/12/2021,177.93
27/12/2021,179.96
28/12/2021,179.85
29/12/2021,180.18
30/12/2021,179.88
31/12/2021,179.36
03/01/2022,179.67
04/01/2022,179.42
05/01/2022,176.32
06/01/2022,176.03
07/01/2022,175.12
10/01/2022,174.88
11/01/2022,176.47
12/01/2022,176.7
13/01/2022,174.49
14/01/2022,174.68
18/01/2022,171.46
19/01/2022,169.9
20/01/2022,167.78
21/01/2022,164.27
24/01/2022,164.77
25/01/2022,162.64
26/01/2022,162.06
27/01/2022,161.71
28/01/2022,165.37
31/01/2022,168.32
01/02/2022,169.77
02/02/2022,171.7
03/02/2022,166.65
04/02/2022,167.54
07/02/2022,167.09
08/02/2022,167.85
09/02/2022,170.1
10/02/2022,167.23
11/02/2022,164.85
14/02/2022,163.96
15/02/2022,165.9
16/02/2022,166.22
17/02/2022,163.4
18/02/2022,162.24
22/02/2022,160.78
23/02/2022,158.69
24/02/2022,160.19
25/02/2022,164.15
28/02/2022,163.8
01/03/2022,162.08
02/03/2022,164.86
03/03/2022,164.87
04/03/2022,164.68
07/03/2022,160.74
08/03/2022,159.07
09/03/2022,162
10/03/2022,162.25
11/03/2022,160.72
14/03/2022,159.97
15/03/2022,163.1
16/03/2022,165.81
17/03/2022,168.18
18/03/2022,169.82
21/03/2022,170.14
22/03/2022,171.01
23/03/2022,168.98
24/03/2022,171.34
25/03/2022,172.36
28/03/2022,173.26
29/03/2022,174.88
30/03/2022,174.04
31/03/2022,171.66
01/04/2022,172.41
04/04/2022,173.09
05/04/2022,171.31
06/04/2022,170.73
07/04/2022,171.67
08/04/2022,171.27
11/04/2022,168.61
12/04/2022,167.84
13/04/2022,169.48
14/04/2022,167.8
18/04/2022,167.59
19/04/2022,170.04
20/04/2022,169.46
21/04/2022,166.44
22/04/2022,161.58
25/04/2022,162.58
26/04/2022,158.65
27/04/2022,158.24
28/04/2022,162.22
29/04/2022,155.91
02/05/2022,156.55
03/05/2022,157.07
04/05/2022,161.39
05/05/2022,156.23
06/05/2022,155.72
09/05/2022,150.86
10/05/2022,151.04
11/05/2022,150.04
12/05/2022,150.16
13/05/2022,153.11
16/05/2022,153.24
17/05/2022,155.7
18/05/2022,150.48
19/05/2022,149.79
20/05/2022,150.21
23/05/2022,152.63
24/05/2022,151.95
25/05/2022,153
26/05/2022,155.12
27/05/2022,158.48
31/05/2022,157.16
01/06/2022,155.76
02/06/2022,158.25
03/06/2022,156.38
06/06/2022,156.89
07/06/2022,158.51
08/06/2022,156.94
09/06/2022,153.34
10/06/2022,149.69
13/06/2022,143.94
14/06/2022,143.26
15/06/2022,144.66
16/06/2022,140.1
17/06/2022,139.86
21/06/2022,143.21
22/06/2022,143.09
23/06/2022,144.15
24/06/2022,148.2
27/06/2022,148.14
28/06/2022,145.69
29/06/2022,145.38
30/06/2022,144.36
01/07/2022,145.65
05/07/2022,145.31
06/07/2022,145.75
07/07/2022,147.73
08/07/2022,147.68
11/07/2022,146.99
12/07/2022,145.73
13/07/2022,144.99
14/07/2022,144.58
15/07/2022,147.2
18/07/2022,145.65
19/07/2022,148.99
20/07/2022,148.92
21/07/2022,150.05
22/07/2022,149.44
25/07/2022,149.95
26/07/2022,149.29
27/07/2022,151.36
28/07/2022,153.1
29/07/2022,153.87
01/08/2022,153.41
02/08/2022,152.45
03/08/2022,153.82
04/08/2022,153.56
05/08/2022,153.67
08/08/2022,153.58
09/08/2022,153.04
10/08/2022,155.35
11/08/2022,155.13
12/08/2022,157.27
15/08/2022,157.92
16/08/2022,158.14
17/08/2022,157.3
18/08/2022,157.87
19/08/2022,156.86
22/08/2022,154.22
23/08/2022,153.57
24/08/2022,153.94
25/08/2022,155.67
26/08/2022,151.11
29/08/2022,150.42
30/08/2022,148.69
31/08/2022,147.46
01/09/2022,148.27
02/09/2022,146.78
06/09/2022,146.61
07/09/2022,148.96
08/09/2022,150.16
09/09/2022,151.89
12/09/2022,153.04
13/09/2022,147.86
14/09/2022,148.46
15/09/2022,146.97
16/09/2022,146.14
19/09/2022,146.64
20/09/2022,145.05
21/09/2022,142.83
22/09/2022,142.26
23/09/2022,139.81
26/09/2022,138.06
27/09/2022,137.69
28/09/2022,140.53
29/09/2022,138.5
30/09/2022,136.69
03/10/2022,140.48
04/10/2022,144.27
05/10/2022,144.26
06/10/2022,142.71
07/10/2022,139.77
10/10/2022,138.75
11/10/2022,138.59
12/10/2022,137.82
13/10/2022,141.38
14/10/2022,138.63
17/10/2022,141.29
18/10/2022,142.84
19/10/2022,141.95
20/10/2022,140.98
21/10/2022,144.18
24/10/2022,146.03
25/10/2022,147.75
26/10/2022,148.68
27/10/2022,148.74
28/10/2022,151.84
31/10/2022,151.25
01/11/2022,151.15
02/11/2022,148.32
03/11/2022,147.73
04/11/2022,149.38
07/11/2022,150.85
08/11/2022,151.83
09/11/2022,149.15
10/11/2022,154.76
11/11/2022,154.78
14/11/2022,154.03
15/11/2022,155.13
16/11/2022,154.26
17/11/2022,154.1
18/11/2022,155.15
21/11/2022,155.08
22/11/2022,157.1
23/11/2022,157.49
25/11/2022,157.96
28/11/2022,155.9
29/11/2022,155.96
30/11/2022,159.39
01/12/2022,159.27
02/12/2022,159.38
05/12/2022,156.98
06/12/2022,155.23
07/12/2022,155.63
08/12/2022,156.87
09/12/2022,155.37
12/12/2022,157.63
13/12/2022,158.65
14/12/2022,158.08
15/12/2022,154.93
16/12/2022,153.15
19/12/2022,152.12
20/12/2022,152.31
21/12/2022,154.65
22/12/2022,153.14
23/12/2022,153.96
27/12/2022,154.05
28/12/2022,152.36
29/12/2022,154.4
30/12/2022,153.75
03/01/2023,153.33
04/01/2023,154.86
05/01/2023,153.24
06/01/2023,156.46
09/01/2023,155.29
10/01/2023,156.13
11/01/2023,157.23
12/01/2023,157.5
13/01/2023,157.65
17/01/2023,156.93
18/01/2023,154.25
19/01/2023,153.44
20/01/2023,155.23
23/01/2023,156.03
24/01/2023,155.91
25/01/2023,155.84
26/01/2023,156.86
27/01/2023,156.21
30/01/2023,154.66
31/01/2023,156.78
01/02/2023,157.64
02/02/2023,157.26
03/02/2023,156.03
06/02/2023,155.3
07/02/2023,156.38
08/02/2023,155.13
09/02/2023,153.95
10/02/2023,155.32
13/02/2023,156.56
14/02/2023,156.07
15/02/2023,156.01
16/02/2023,154.14
17/02/2023,154.03
21/02/2023,151.76
22/02/2023,151.41
23/02/2023,151.89
24/02/2023,150.43
27/02/2023,150.64
28/02/2023,149.88
01/03/2023,149.49
02/03/2023,150.7
03/03/2023,152.71
06/03/2023,152.7
07/03/2023,150.46
08/03/2023,150.47
09/03/2023,148.09
10/03/2023,146.11
13/03/2023,146.07
14/03/2023,147.9
15/03/2023,146.47
16/03/2023,147.99
17/03/2023,146.14
20/03/2023,147.94
21/03/2023,149.1
22/03/2023,146.54
23/03/2023,146.67
24/03/2023,147.77
27/03/2023,148.4
28/03/2023,148.31
29/03/2023,149.97
30/03/2023,150.74
31/03/2023,152.64
03/04/2023,153.51
04/04/2023,152.71
05/04/2023,153.21
06/04/2023,153.27
10/04/2023,153.47
11/04/2023,153.31
12/04/2023,152.86
13/04/2023,154.82
14/04/2023,154.23
17/04/2023,154.62
18/04/2023,154.5
19/04/2023,154.71
20/04/2023,153.85
21/04/2023,154.24
24/04/2023,154.27
25/04/2023,151.83
26/04/2023,151.66
27/04/2023,154.57
28/04/2023,155.64
01/05/2023,155.47
02/05/2023,153.88
03/05/2023,152.85
04/05/2023,151.95
05/05/2023,154.59
08/05/2023,154.6
09/05/2023,153.83
10/05/2023,154.12
11/05/2023,153.46
12/05/2023,153.44
15/05/2023,153.68
16/05/2023,152.18
17/05/2023,153.53
18/05/2023,154.29
19/05/2023,154.42
22/05/2023,153.97
23/05/2023,152.42
24/05/2023,151.34
25/05/2023,151
26/05/2023,152.14
30/05/2023,151.82
31/05/2023,151.43
01/06/2023,152.63
02/06/2023,154.85
05/06/2023,154.42
06/06/2023,154.58
07/06/2023,153.55
08/06/2023,154.55
09/06/2023,154.7
12/06/2023,156.17
13/06/2023,156.79
14/06/2023,156.78
15/06/2023,158.83
16/06/2023,157.98
20/06/2023,157
21/06/2023,156.24
22/06/2023,157.21
23/06/2023,156.07
26/06/2023,155.36
27/06/2023,156.87
28/06/2023,156.94
29/06/2023,157.51
30/06/2023,159.37